{"cameraMode":{"drawMode":0,"name":"Shaded","section":"Shading Mode"},"sceneLighting":true,"audioPlay":false,"sceneViewState":{"showFog":true,"showMaterialUpdate":false,"showSkybox":false,"showFlares":true,"showImageEffects":true,"showParticleSystems":true},"in2DMode":false,"pivot":{"x":0.2877735495567322,"y":0.9907663464546204,"z":-0.3520609140396118},"rotation":{"x":-0.026371300220489503,"y":-0.9716702103614807,"z":0.1332007497549057,"w":-0.19428177177906037},"size":2.10355544090271,"orthographic":false}