{"cameraMode":{"drawMode":0,"name":"Shaded","section":"Shading Mode"},"sceneLighting":true,"audioPlay":false,"sceneViewState":{"showFog":true,"showMaterialUpdate":false,"showSkybox":false,"showFlares":true,"showImageEffects":true,"showParticleSystems":true},"in2DMode":false,"pivot":{"x":-0.0364999994635582,"y":0.19749999046325684,"z":0.019999999552965165},"rotation":{"x":-0.0822676494717598,"y":0.8068039417266846,"z":-0.11576825380325318,"w":-0.5735446810722351},"size":0.46468526124954226,"orthographic":false}