{"cameraMode":{"drawMode":0,"name":"Shaded","section":"Shading Mode"},"sceneLighting":false,"audioPlay":false,"sceneViewState":{"showFog":true,"showMaterialUpdate":true,"showSkybox":false,"showFlares":true,"showImageEffects":true,"showParticleSystems":true},"in2DMode":false,"pivot":{"x":-0.5243582725524902,"y":-0.6800196170806885,"z":-1.584803581237793},"rotation":{"x":0.16078482568264008,"y":0.27036258578300478,"z":-0.04593608155846596,"w":0.9481683969497681},"size":5.828157424926758,"orthographic":false}