{"cameraMode":{"drawMode":0,"name":"Shaded","section":"Shading Mode"},"sceneLighting":false,"audioPlay":false,"sceneViewState":{"showFog":true,"showMaterialUpdate":true,"showSkybox":false,"showFlares":true,"showImageEffects":true,"showParticleSystems":true},"in2DMode":false,"pivot":{"x":-19.44972801208496,"y":4.069725036621094,"z":20.6273250579834},"rotation":{"x":0.0411202572286129,"y":-0.5903148651123047,"z":0.03013126365840435,"w":0.8055676817893982},"size":10.458900451660157,"orthographic":false}