{"cameraMode":{"drawMode":0,"name":"Shaded","section":"Shading Mode"},"sceneLighting":true,"audioPlay":false,"sceneViewState":{"showFog":true,"showMaterialUpdate":true,"showSkybox":false,"showFlares":true,"showImageEffects":true,"showParticleSystems":true},"in2DMode":false,"pivot":{"x":-0.06951767206192017,"y":0.22178496420383454,"z":-0.08592143654823303},"rotation":{"x":0.14066597819328309,"y":0.3335854113101959,"z":-0.05047062411904335,"w":0.9308635592460632},"size":2.1155760288238527,"orthographic":false}