{"cameraMode":{"drawMode":0,"name":"Shaded","section":"Shading Mode"},"sceneLighting":false,"audioPlay":false,"sceneViewState":{"showFog":false,"showMaterialUpdate":false,"showSkybox":false,"showFlares":false,"showImageEffects":false,"showParticleSystems":false},"in2DMode":false,"pivot":{"x":2.384185791015625e-7,"y":0.08088449388742447,"z":-1.7881393432617188e-7},"rotation":{"x":0.08608498424291611,"y":-0.12423277646303177,"z":0.00950025487691164,"w":0.9887223839759827},"size":5.887594223022461,"orthographic":false}