{"cameraMode":{"drawMode":0,"name":"Shaded","section":"Shading Mode"},"sceneLighting":true,"audioPlay":false,"sceneViewState":{"showFog":true,"showMaterialUpdate":false,"showSkybox":false,"showFlares":true,"showImageEffects":true,"showParticleSystems":true},"in2DMode":false,"pivot":{"x":0.5906982421875,"y":1.0933990478515626,"z":0.7333984375},"rotation":{"x":0.021031761541962625,"y":0.2782146632671356,"z":-0.006093015428632498,"w":0.9602835178375244},"size":1.0749757289886475,"orthographic":true}