{"cameraMode":{"drawMode":0,"name":"Shaded","section":"Shading Mode"},"sceneLighting":true,"audioPlay":false,"sceneViewState":{"showFog":true,"showMaterialUpdate":true,"showSkybox":true,"showFlares":true,"showImageEffects":true,"showParticleSystems":true},"in2DMode":false,"pivot":{"x":6.414805889129639,"y":-3.0226826667785646,"z":14.163580894470215},"rotation":{"x":0.16078482568264008,"y":0.27036258578300478,"z":-0.04593608155846596,"w":0.9481683969497681},"size":24.95925521850586,"orthographic":false}