{"cameraMode":{"drawMode":0,"name":"Shaded","section":"Shading Mode"},"sceneLighting":true,"audioPlay":false,"sceneViewState":{"showFog":true,"showMaterialUpdate":false,"showSkybox":false,"showFlares":true,"showImageEffects":true,"showParticleSystems":true},"in2DMode":false,"pivot":{"x":0.12723159790039063,"y":1.523148536682129,"z":0.7223000526428223},"rotation":{"x":-0.1475817859172821,"y":-0.6694071292877197,"z":0.13838131725788117,"w":-0.7150399088859558},"size":40.010372161865237,"orthographic":false}