{"cameraMode":{"drawMode":0,"name":"Shaded","section":"Shading Mode"},"sceneLighting":true,"audioPlay":false,"sceneViewState":{"showFog":true,"showMaterialUpdate":false,"showSkybox":false,"showFlares":true,"showImageEffects":true,"showParticleSystems":true},"in2DMode":false,"pivot":{"x":0.6629999876022339,"y":1.1944999694824219,"z":2.2925000190734865},"rotation":{"x":-0.09370987862348557,"y":0.8405959010124207,"z":-0.154279887676239,"w":-0.510753333568573},"size":0.46468499302864077,"orthographic":false}