{"cameraMode":{"drawMode":0,"name":"Shaded","section":"Shading Mode"},"sceneLighting":false,"audioPlay":false,"sceneViewState":{"showFog":true,"showMaterialUpdate":false,"showSkybox":false,"showFlares":true,"showImageEffects":true,"showParticleSystems":true},"in2DMode":false,"pivot":{"x":-0.03229000046849251,"y":0.00800000037997961,"z":0.027249999344348909},"rotation":{"x":-0.04343953728675842,"y":0.04643050581216812,"z":-0.0020248049404472114,"w":-0.9979828000068665},"size":22.0,"orthographic":false}