{"cameraMode":{"drawMode":0,"name":"Shaded","section":"Shading Mode"},"sceneLighting":true,"audioPlay":false,"sceneViewState":{"showFog":true,"showMaterialUpdate":false,"showSkybox":true,"showFlares":true,"showImageEffects":true,"showParticleSystems":true},"in2DMode":false,"pivot":{"x":0.1939001977443695,"y":1.1536831855773926,"z":4.642894268035889},"rotation":{"x":-0.0012129609240218998,"y":0.9145499467849731,"z":0.0027439503464847805,"w":0.40446820855140688},"size":0.009910345077514649,"orthographic":false}